№,ФИО,Компетенция,"Баллы, ед.","Баллы, %",Баллы по ключевым навыкам,Соблюдение дисциплины,Выполнение творческого задания ,Вклад в развитие компетенции,Выполнение основных требований КЗ,Габариты не более (ШхГхВ) 5000х5000х5000 мм,Объем очищаемого воздушного потока не менее 1000 м3 в час,Эффективность очистки воздушного потока от СО2 не менее 70% ,Эксплуатации при влажности окружающей среды до 95 % включительно,Эксплуатация установки при температуре от минус 30 ℃ до плюс 50 ℃,Дистанционное управление,Модульность,Установка устройства на наклонной поверхности под углом до 15 град,Уровень шума не более 71 дБ на расстоянии 1м от устройства ,Уровень локализации материалов и комплектующих устройства не менее 70% ,Выполнение дополнительных требований КЗ,Эксплуатация проточной части при кислотности (pH) очищаемой среды в диапазоне от 2 до 10,Возможность улавливания нескольких АХОВ (помимо СО2),Возможность вторичного использования улавливаемых АХОВ ,"Устойчивость к атмосферным осадкам (ветер до 12 м/с, осадки в виде града до 10 мм, снеговая нагрузка до 30 см) ",Удобство эксплуатации и обслуживания Ремонтопригодность,Реалистичность и реализуемость проекта,Наличие аналогов,Использование эффективных инновационных технологий и решений (Инновационные технологии и  оригинальные эффективные конструктивные решения),Корректность расчёта рисков,Антирисковые мероприятия,Календарно сетевой план,Сформирован анализ влияния рисков и антикризисных мероприятий на КСП,Есть связи на каждую операцию в том числе вехи КСП,Продолжительности работ в КСП обоснованы,Операции в КСП обеспечены ресурсами ,Соответствие входов и выходов (ФЭМ и КСП),Соответствие входов и выходов (Маркетинг и КСП и ФЭМ),Соответствие входов и выходов (Риски и ФЭМ),Определён объём рынка,Рассчитан объём продаж в сегменте компании,Стоимость единицы изделия на рынке определена обосновано,Определена целевая аудитория и сегмент рынка,Разработана маркетинговая стратегия,Произведён анализ конкурентов,Соответствие входов и выходов,Визуализация изделия ,Визуализация модельного ряда,Соответствие выбора ДСЕ относительно требования КЗ,Корректность чертежа детали или сборочной единицы изделия,Сложность выбранной детали или сборочной единицы ,Сложность 3D-модели всего изделия ,Проработанность 3D-модели всего изделия ,Соответвие чертежа детали/сборочной единицы и 3D модели ,Компоновочная схема (взрыв-модель) всего изделия,Модельный ряд,Обоснован выбор материалов для детали или сборочной единицы и ключевых материалов для выполнения КЗ,Произведён расчёт на прочность сборочной единицы или детали,Корректность расчёта на прочность сборочной единицы или детали,Расчёт технических характеристик устройства на соответствие требованиям КЗ,Корректность расчёта технических характеристик устройства,Разработка принципиальных схем или документов в обоснование работоспособности изделия,Сквозное проектирование,Соответствие входов и выходов ,Разработан тех.процесс изготовления детали или сборочной единицы,Корректность техпроцесса,Сложность ТП выбранной сборочной единицы или детали,Схема производства (технологическая),Корректность планировки производственного участка детали/сборочной единицы,Корректность разработанной схемы кооперации,Корректность анализа мощностей предприятия,Разработка планировки производства с учетом эргономичности/логистики и привязок к оборудованию,Разработана 3D-модель оснастки,Чертеж оснастки 2D в том числе Спецификация,Сложность выбранной оснастки,Эффективность выбранной оснастки ,Корректность орг. структуры и расчета численности,Разработана система оплаты труда,Корректность системы подбора персонала,Корректность системы мотивации персонала ,Корректность системы обучения и подготовки персонала,Соответствие входов и выходов .1,определены затраты на материалы и комплектующие,определены затраты на оплату труда,определены затраты на основные средства,рассчитана себестоимость изделия (на момент выхода на полную производственную мощность),Корректность и обоснованность расчёта затрат на НИОКР,Корректность расчёта финансовых потоков на ППО,определена точка безубыточности (критический объем производства),"рассчитаны показатели инвестиционной привлекательности (срок окупаемости дисконтированный срок окупаемости чистая приведенная стоимость индекс окупаемости внутренняя норма доходности)",Схема финансирования,Расчет полной стоимости для собственника изделия,Корректность БДДС,Корректность БДР,Соответствие входов-выходов с технической документации,Программа утилизации,Корректность программы ППО,Соблюден временной регламент,"Информативность, логичность, доступность презентации",Оформление презентации,Презентационные навыки докладчика,Корректность ответов на вопросы,Инвест привлекательность (по результатам проведения презентации без учета документации проекта),Оформление документации,Пол,Должность,Начало трудового стажа,Место работы,Профессия,Начало трудовой деятельности в РОСАТОМ,Образование,Место образования,Год оканчания,Специальность
4,ФИО_128,Управление жизненным циклом,"68,39","68,39%",0,"0,30","0,89","1,00",,"0,20","0,20","0,20","0,20","0,20","0,20","0,20","0,20","0,20","0,20",,"0,50","0,00","0,50","0,00","1,50","0,56","0,33","0,22","1,11","0,56","1,78","0,89","0,30","0,40","0,50","0,30","0,50","0,30","0,83","1,00","0,40","0,83","1,11","1,17","0,50","0,89","0,22","0,50","1,80","1,11","0,89","1,11","0,50","0,67","0,00","0,89","1,00","1,78","1,75","1,56","0,78","0,50","0,50","0,30","1,11","0,89","1,00","0,80","0,78","0,89","0,75","0,90","0,90","0,97","0,83","0,67","0,50","0,22","0,44","0,44","0,30","0,44","0,83","1,17","1,56","0,90","0,67","0,50","1,25","0,83","0,56","1,09","1,09","0,50","0,33","1,33","0,50","1,17","1,75","0,83","1,01","0,67","0,00",0,Инженер технолог,2014-06-04,"""АО """"Опытное Конструкторское Бюро Машиностроения имени И.И. Африкантова""""""",,2014-06-04,,,,
4,ФИО_176,Управление жизненным циклом,"68,39","68,39%",0,"0,30","0,89","1,00",,"0,20","0,20","0,20","0,20","0,20","0,20","0,20","0,20","0,20","0,20",,"0,50","0,00","0,50","0,00","1,50","0,56","0,33","0,22","1,11","0,56","1,78","0,89","0,30","0,40","0,50","0,30","0,50","0,30","0,83","1,00","0,40","0,83","1,11","1,17","0,50","0,89","0,22","0,50","1,80","1,11","0,89","1,11","0,50","0,67","0,00","0,89","1,00","1,78","1,75","1,56","0,78","0,50","0,50","0,30","1,11","0,89","1,00","0,80","0,78","0,89","0,75","0,90","0,90","0,97","0,83","0,67","0,50","0,22","0,44","0,44","0,30","0,44","0,83","1,17","1,56","0,90","0,67","0,50","1,25","0,83","0,56","1,09","1,09","0,50","0,33","1,33","0,50","1,17","1,75","0,83","1,01","0,67","0,00",0,Инженер - конструктор,2011-10-24,"""Акционерное общество """"Опытное конструкторское бюро машиностроения имени И.И. Африкантова""""""",,2009-08-05,,,,
4,ФИО_193,Управление жизненным циклом,"68,39","68,39%",0,"0,30","0,89","1,00",,"0,20","0,20","0,20","0,20","0,20","0,20","0,20","0,20","0,20","0,20",,"0,50","0,00","0,50","0,00","1,50","0,56","0,33","0,22","1,11","0,56","1,78","0,89","0,30","0,40","0,50","0,30","0,50","0,30","0,83","1,00","0,40","0,83","1,11","1,17","0,50","0,89","0,22","0,50","1,80","1,11","0,89","1,11","0,50","0,67","0,00","0,89","1,00","1,78","1,75","1,56","0,78","0,50","0,50","0,30","1,11","0,89","1,00","0,80","0,78","0,89","0,75","0,90","0,90","0,97","0,83","0,67","0,50","0,22","0,44","0,44","0,30","0,44","0,83","1,17","1,56","0,90","0,67","0,50","1,25","0,83","0,56","1,09","1,09","0,50","0,33","1,33","0,50","1,17","1,75","0,83","1,01","0,67","0,00",1,Инженер - конструктор 3 категории,02.08.2021,"Акционерное общество ""Опытное Конструкторское Бюро Машиностроения имени И.И. Африкантова""",нет в предлагаемом списке,02.08.2021,,,,
4,ФИО_403,Управление жизненным циклом,"68,39","68,39%",0,"0,30","0,89","1,00",,"0,20","0,20","0,20","0,20","0,20","0,20","0,20","0,20","0,20","0,20",,"0,50","0,00","0,50","0,00","1,50","0,56","0,33","0,22","1,11","0,56","1,78","0,89","0,30","0,40","0,50","0,30","0,50","0,30","0,83","1,00","0,40","0,83","1,11","1,17","0,50","0,89","0,22","0,50","1,80","1,11","0,89","1,11","0,50","0,67","0,00","0,89","1,00","1,78","1,75","1,56","0,78","0,50","0,50","0,30","1,11","0,89","1,00","0,80","0,78","0,89","0,75","0,90","0,90","0,97","0,83","0,67","0,50","0,22","0,44","0,44","0,30","0,44","0,83","1,17","1,56","0,90","0,67","0,50","1,25","0,83","0,56","1,09","1,09","0,50","0,33","1,33","0,50","1,17","1,75","0,83","1,01","0,67","0,00",0,Инженер,2016,"""АО """"Опытное Конструкторское Бюро Машиностроения имени И.И. Африкантова""""""",,2016,,,,
4,ФИО_569,Управление жизненным циклом,"68,39","68,39%",0,"0,30","0,89","1,00",,"0,20","0,20","0,20","0,20","0,20","0,20","0,20","0,20","0,20","0,20",,"0,50","0,00","0,50","0,00","1,50","0,56","0,33","0,22","1,11","0,56","1,78","0,89","0,30","0,40","0,50","0,30","0,50","0,30","0,83","1,00","0,40","0,83","1,11","1,17","0,50","0,89","0,22","0,50","1,80","1,11","0,89","1,11","0,50","0,67","0,00","0,89","1,00","1,78","1,75","1,56","0,78","0,50","0,50","0,30","1,11","0,89","1,00","0,80","0,78","0,89","0,75","0,90","0,90","0,97","0,83","0,67","0,50","0,22","0,44","0,44","0,30","0,44","0,83","1,17","1,56","0,90","0,67","0,50","1,25","0,83","0,56","1,09","1,09","0,50","0,33","1,33","0,50","1,17","1,75","0,83","1,01","0,67","0,00",1,Инженер по маркетингу 3 категории,2018-12-03,"""АО """"ОКБМ Африкантов""""""",,2020-02-03,,,,
4,ФИО_628,Управление жизненным циклом,"68,39","68,39%",0,"0,30","0,89","1,00",,"0,20","0,20","0,20","0,20","0,20","0,20","0,20","0,20","0,20","0,20",,"0,50","0,00","0,50","0,00","1,50","0,56","0,33","0,22","1,11","0,56","1,78","0,89","0,30","0,40","0,50","0,30","0,50","0,30","0,83","1,00","0,40","0,83","1,11","1,17","0,50","0,89","0,22","0,50","1,80","1,11","0,89","1,11","0,50","0,67","0,00","0,89","1,00","1,78","1,75","1,56","0,78","0,50","0,50","0,30","1,11","0,89","1,00","0,80","0,78","0,89","0,75","0,90","0,90","0,97","0,83","0,67","0,50","0,22","0,44","0,44","0,30","0,44","0,83","1,17","1,56","0,90","0,67","0,50","1,25","0,83","0,56","1,09","1,09","0,50","0,33","1,33","0,50","1,17","1,75","0,83","1,01","0,67","0,00",0,Инженер-конструктор 1 категории,"10,2012",АО Опытное Конструкторское Бюро Машиностроения им. Африкантова,,11.09.2019,,,,
4,ФИО_696,Управление жизненным циклом,"68,39","68,39%",0,"0,30","0,89","1,00",,"0,20","0,20","0,20","0,20","0,20","0,20","0,20","0,20","0,20","0,20",,"0,50","0,00","0,50","0,00","1,50","0,56","0,33","0,22","1,11","0,56","1,78","0,89","0,30","0,40","0,50","0,30","0,50","0,30","0,83","1,00","0,40","0,83","1,11","1,17","0,50","0,89","0,22","0,50","1,80","1,11","0,89","1,11","0,50","0,67","0,00","0,89","1,00","1,78","1,75","1,56","0,78","0,50","0,50","0,30","1,11","0,89","1,00","0,80","0,78","0,89","0,75","0,90","0,90","0,97","0,83","0,67","0,50","0,22","0,44","0,44","0,30","0,44","0,83","1,17","1,56","0,90","0,67","0,50","1,25","0,83","0,56","1,09","1,09","0,50","0,33","1,33","0,50","1,17","1,75","0,83","1,01","0,67","0,00",0,Инженер-конструктор 3 категории,15.05.2018,"""АО """"Опытное Конструкторское Бюро Машиностроения имени И.И. Африкантова""""""",Инженер-конструктор,15.01.2021,,,,
9,ФИО_74,Управление жизненным циклом,"64,88","64,88%",0,"0,30","1,00","1,00",,"0,20","0,20","0,00","0,20","0,20","0,20","0,20","0,20","0,20","0,20",,"0,50","0,00","0,00","0,00","0,33","0,56","0,22","0,44","0,69","0,83","1,33","0,44","0,40","0,50","0,00","0,20","0,50","0,40","1,33","1,00","0,50","1,33","1,78","1,33","0,50","0,89","0,56","0,50","1,70","0,89","1,56","1,78","0,00","1,00","0,00","0,56","1,00","1,11","1,36","0,97","0,56","0,50","0,00","0,30","1,11","0,56","1,17","0,60","0,78","0,89","0,60","1,05","1,20","0,69","0,28","1,17","0,50","0,39","0,78","0,56","0,30","0,78","0,69","1,00","1,78","0,40","0,56","0,25","0,75","0,50","0,67","0,93","0,93","0,40","0,44","1,33","0,50","1,17","1,56","1,00","1,01","0,56","0,60",0,Инженер-технолог 2 категории,2016-07-31,Служба главного технолога,нет в предлагаемом списке,2018-03-12,,,,
9,ФИО_215,Управление жизненным циклом,"64,88","64,88%",0,"0,30","1,00","1,00",,"0,20","0,20","0,00","0,20","0,20","0,20","0,20","0,20","0,20","0,20",,"0,50","0,00","0,00","0,00","0,33","0,56","0,22","0,44","0,69","0,83","1,33","0,44","0,40","0,50","0,00","0,20","0,50","0,40","1,33","1,00","0,50","1,33","1,78","1,33","0,50","0,89","0,56","0,50","1,70","0,89","1,56","1,78","0,00","1,00","0,00","0,56","1,00","1,11","1,36","0,97","0,56","0,50","0,00","0,30","1,11","0,56","1,17","0,60","0,78","0,89","0,60","1,05","1,20","0,69","0,28","1,17","0,50","0,39","0,78","0,56","0,30","0,78","0,69","1,00","1,78","0,40","0,56","0,25","0,75","0,50","0,67","0,93","0,93","0,40","0,44","1,33","0,50","1,17","1,56","1,00","1,01","0,56","0,60",1,Инженер,22.07.2019,Служба управления проектами,,2019-07-22,,,,
9,ФИО_216,Управление жизненным циклом,"64,88","64,88%",0,"0,30","1,00","1,00",,"0,20","0,20","0,00","0,20","0,20","0,20","0,20","0,20","0,20","0,20",,"0,50","0,00","0,00","0,00","0,33","0,56","0,22","0,44","0,69","0,83","1,33","0,44","0,40","0,50","0,00","0,20","0,50","0,40","1,33","1,00","0,50","1,33","1,78","1,33","0,50","0,89","0,56","0,50","1,70","0,89","1,56","1,78","0,00","1,00","0,00","0,56","1,00","1,11","1,36","0,97","0,56","0,50","0,00","0,30","1,11","0,56","1,17","0,60","0,78","0,89","0,60","1,05","1,20","0,69","0,28","1,17","0,50","0,39","0,78","0,56","0,30","0,78","0,69","1,00","1,78","0,40","0,56","0,25","0,75","0,50","0,67","0,93","0,93","0,40","0,44","1,33","0,50","1,17","1,56","1,00","1,01","0,56","0,60",0,—,февраль 2020,ТИ НИЯУ МИФИ,,,ВЫСШЕЕ ТЕХНИЧЕСКОЕ,ТИ НИЯУ МИФИ,2020,Инженер конструктор-технолог
9,ФИО_242,Управление жизненным циклом,"64,88","64,88%",0,"0,30","1,00","1,00",,"0,20","0,20","0,00","0,20","0,20","0,20","0,20","0,20","0,20","0,20",,"0,50","0,00","0,00","0,00","0,33","0,56","0,22","0,44","0,69","0,83","1,33","0,44","0,40","0,50","0,00","0,20","0,50","0,40","1,33","1,00","0,50","1,33","1,78","1,33","0,50","0,89","0,56","0,50","1,70","0,89","1,56","1,78","0,00","1,00","0,00","0,56","1,00","1,11","1,36","0,97","0,56","0,50","0,00","0,30","1,11","0,56","1,17","0,60","0,78","0,89","0,60","1,05","1,20","0,69","0,28","1,17","0,50","0,39","0,78","0,56","0,30","0,78","0,69","1,00","1,78","0,40","0,56","0,25","0,75","0,50","0,67","0,93","0,93","0,40","0,44","1,33","0,50","1,17","1,56","1,00","1,01","0,56","0,60",1,Инженер-технолог 2 категории,июл.1215.01.2015,"""ФГУП """"Комбинат """"Электрохимприбор""""""",,15.01.2015,Высшее;Высшее,ТИ НИЯУ МИФИ;ТИ НИЯУ МИФИ,2020;2014,Инженер-технолог;Экономист-менеджер
9,ФИО_346,Управление жизненным циклом,"64,88","64,88%",0,"0,30","1,00","1,00",,"0,20","0,20","0,00","0,20","0,20","0,20","0,20","0,20","0,20","0,20",,"0,50","0,00","0,00","0,00","0,33","0,56","0,22","0,44","0,69","0,83","1,33","0,44","0,40","0,50","0,00","0,20","0,50","0,40","1,33","1,00","0,50","1,33","1,78","1,33","0,50","0,89","0,56","0,50","1,70","0,89","1,56","1,78","0,00","1,00","0,00","0,56","1,00","1,11","1,36","0,97","0,56","0,50","0,00","0,30","1,11","0,56","1,17","0,60","0,78","0,89","0,60","1,05","1,20","0,69","0,28","1,17","0,50","0,39","0,78","0,56","0,30","0,78","0,69","1,00","1,78","0,40","0,56","0,25","0,75","0,50","0,67","0,93","0,93","0,40","0,44","1,33","0,50","1,17","1,56","1,00","1,01","0,56","0,60",1,,,"""ФГУП """"Комбинат """"Электрохимприбор""""""",,,,,,
9,ФИО_567,Управление жизненным циклом,"64,88","64,88%",0,"0,30","1,00","1,00",,"0,20","0,20","0,00","0,20","0,20","0,20","0,20","0,20","0,20","0,20",,"0,50","0,00","0,00","0,00","0,33","0,56","0,22","0,44","0,69","0,83","1,33","0,44","0,40","0,50","0,00","0,20","0,50","0,40","1,33","1,00","0,50","1,33","1,78","1,33","0,50","0,89","0,56","0,50","1,70","0,89","1,56","1,78","0,00","1,00","0,00","0,56","1,00","1,11","1,36","0,97","0,56","0,50","0,00","0,30","1,11","0,56","1,17","0,60","0,78","0,89","0,60","1,05","1,20","0,69","0,28","1,17","0,50","0,39","0,78","0,56","0,30","0,78","0,69","1,00","1,78","0,40","0,56","0,25","0,75","0,50","0,67","0,93","0,93","0,40","0,44","1,33","0,50","1,17","1,56","1,00","1,01","0,56","0,60",0,Инженер-конструктор,2007-11-01,"""ФГУП""""Комбинат""""Электрохимприбор""""""",,2007-07-01,высшее,МИФИ,2007,машиностроение
9,ФИО_599,Управление жизненным циклом,"64,88","64,88%",0,"0,30","1,00","1,00",,"0,20","0,20","0,00","0,20","0,20","0,20","0,20","0,20","0,20","0,20",,"0,50","0,00","0,00","0,00","0,33","0,56","0,22","0,44","0,69","0,83","1,33","0,44","0,40","0,50","0,00","0,20","0,50","0,40","1,33","1,00","0,50","1,33","1,78","1,33","0,50","0,89","0,56","0,50","1,70","0,89","1,56","1,78","0,00","1,00","0,00","0,56","1,00","1,11","1,36","0,97","0,56","0,50","0,00","0,30","1,11","0,56","1,17","0,60","0,78","0,89","0,60","1,05","1,20","0,69","0,28","1,17","0,50","0,39","0,78","0,56","0,30","0,78","0,69","1,00","1,78","0,40","0,56","0,25","0,75","0,50","0,67","0,93","0,93","0,40","0,44","1,33","0,50","1,17","1,56","1,00","1,01","0,56","0,60",1,Инженер 1 категории,"10,2016",Федеральное Государственное Унитарное Предприятие «Комбинат «Электрохимприбор»,,2016-10-10,Высшее,УрГЭУ,2015,Бакалавр менеджмента
8,ФИО_39,Управление жизненным циклом,"59,39","59,39%",0,"0,30","1,00","0,90",,"0,00","0,00","0,00","0,20","0,20","0,20","0,20","0,20","0,00","0,20",,"0,00","0,50","0,50","0,00","0,50","0,56","0,44","0,44","0,69","0,69","1,78","0,56","0,40","0,30","0,40","0,50","0,50","0,40","0,00","0,00","0,10","1,33","1,11","0,83","0,50","1,11","0,44","0,50","1,80","0,44","0,89","0,89","0,50","1,00","0,00","0,44","1,00","1,11","0,97","0,97","0,56","0,50","0,00","0,30","0,67","0,56","0,67","0,70","1,00","0,67","0,45","1,20","1,00","0,69","0,28","1,17","0,40","0,39","0,44","0,67","0,30","0,89","0,56","1,00","1,33","0,90","0,67","0,50","1,25","0,67","0,00","0,93","0,93","0,40","0,44","1,56","0,50","1,17","1,56","1,00","0,87","0,56","0,60",0,Начальник смены участка,1996,"""ФГУП """"ПО """"Маяк""""""",,1996,Высшее,НИЯУ МИФИ,2006,Машины и аппараты химических производств
8,ФИО_62,Управление жизненным циклом,"59,39","59,39%",0,"0,30","1,00","0,90",,"0,00","0,00","0,00","0,20","0,20","0,20","0,20","0,20","0,00","0,20",,"0,00","0,50","0,50","0,00","0,50","0,56","0,44","0,44","0,69","0,69","1,78","0,56","0,40","0,30","0,40","0,50","0,50","0,40","0,00","0,00","0,10","1,33","1,11","0,83","0,50","1,11","0,44","0,50","1,80","0,44","0,89","0,89","0,50","1,00","0,00","0,44","1,00","1,11","0,97","0,97","0,56","0,50","0,00","0,30","0,67","0,56","0,67","0,70","1,00","0,67","0,45","1,20","1,00","0,69","0,28","1,17","0,40","0,39","0,44","0,67","0,30","0,89","0,56","1,00","1,33","0,90","0,67","0,50","1,25","0,67","0,00","0,93","0,93","0,40","0,44","1,56","0,50","1,17","1,56","1,00","0,87","0,56","0,60",0,Инженер-конструктор,2014-03-04,"Федеральное государственное унитарное предприятие ""Производственное объединение ""Маяк""""",Инженер-конструктор,2014-03-04,,,,
8,ФИО_237,Управление жизненным циклом,"59,39","59,39%",0,"0,30","1,00","0,90",,"0,00","0,00","0,00","0,20","0,20","0,20","0,20","0,20","0,00","0,20",,"0,00","0,50","0,50","0,00","0,50","0,56","0,44","0,44","0,69","0,69","1,78","0,56","0,40","0,30","0,40","0,50","0,50","0,40","0,00","0,00","0,10","1,33","1,11","0,83","0,50","1,11","0,44","0,50","1,80","0,44","0,89","0,89","0,50","1,00","0,00","0,44","1,00","1,11","0,97","0,97","0,56","0,50","0,00","0,30","0,67","0,56","0,67","0,70","1,00","0,67","0,45","1,20","1,00","0,69","0,28","1,17","0,40","0,39","0,44","0,67","0,30","0,89","0,56","1,00","1,33","0,90","0,67","0,50","1,25","0,67","0,00","0,93","0,93","0,40","0,44","1,56","0,50","1,17","1,56","1,00","0,87","0,56","0,60",0,Инженер-конструктор,2010-01-18,"""ФГУП """"ПО """"Маяк""""""",Инженер-конструктор,2010-01-18,,,,
8,ФИО_431,Управление жизненным циклом,"59,39","59,39%",0,"0,30","1,00","0,90",,"0,00","0,00","0,00","0,20","0,20","0,20","0,20","0,20","0,00","0,20",,"0,00","0,50","0,50","0,00","0,50","0,56","0,44","0,44","0,69","0,69","1,78","0,56","0,40","0,30","0,40","0,50","0,50","0,40","0,00","0,00","0,10","1,33","1,11","0,83","0,50","1,11","0,44","0,50","1,80","0,44","0,89","0,89","0,50","1,00","0,00","0,44","1,00","1,11","0,97","0,97","0,56","0,50","0,00","0,30","0,67","0,56","0,67","0,70","1,00","0,67","0,45","1,20","1,00","0,69","0,28","1,17","0,40","0,39","0,44","0,67","0,30","0,89","0,56","1,00","1,33","0,90","0,67","0,50","1,25","0,67","0,00","0,93","0,93","0,40","0,44","1,56","0,50","1,17","1,56","1,00","0,87","0,56","0,60",0,Инженер по материально-техническому снабжению,авг.16,"""ФГУП """"Производственное объединение """"Маяк""""""",,,,,,
8,ФИО_436,Управление жизненным циклом,"59,39","59,39%",0,"0,30","1,00","0,90",,"0,00","0,00","0,00","0,20","0,20","0,20","0,20","0,20","0,00","0,20",,"0,00","0,50","0,50","0,00","0,50","0,56","0,44","0,44","0,69","0,69","1,78","0,56","0,40","0,30","0,40","0,50","0,50","0,40","0,00","0,00","0,10","1,33","1,11","0,83","0,50","1,11","0,44","0,50","1,80","0,44","0,89","0,89","0,50","1,00","0,00","0,44","1,00","1,11","0,97","0,97","0,56","0,50","0,00","0,30","0,67","0,56","0,67","0,70","1,00","0,67","0,45","1,20","1,00","0,69","0,28","1,17","0,40","0,39","0,44","0,67","0,30","0,89","0,56","1,00","1,33","0,90","0,67","0,50","1,25","0,67","0,00","0,93","0,93","0,40","0,44","1,56","0,50","1,17","1,56","1,00","0,87","0,56","0,60",0,инженер-исследователь 2 категории,июн.16,"""ФГУП """"Производственное объединение """"Маяк""""""",,22.06.2016,высшее,НИ ТПУ,2016,Химическая технология материалов современной энергетики
8,ФИО_645,Управление жизненным циклом,"59,39","59,39%",0,"0,30","1,00","0,90",,"0,00","0,00","0,00","0,20","0,20","0,20","0,20","0,20","0,00","0,20",,"0,00","0,50","0,50","0,00","0,50","0,56","0,44","0,44","0,69","0,69","1,78","0,56","0,40","0,30","0,40","0,50","0,50","0,40","0,00","0,00","0,10","1,33","1,11","0,83","0,50","1,11","0,44","0,50","1,80","0,44","0,89","0,89","0,50","1,00","0,00","0,44","1,00","1,11","0,97","0,97","0,56","0,50","0,00","0,30","0,67","0,56","0,67","0,70","1,00","0,67","0,45","1,20","1,00","0,69","0,28","1,17","0,40","0,39","0,44","0,67","0,30","0,89","0,56","1,00","1,33","0,90","0,67","0,50","1,25","0,67","0,00","0,93","0,93","0,40","0,44","1,56","0,50","1,17","1,56","1,00","0,87","0,56","0,60",0,,05.2020,"ПО ""Маяк""",,,Высшее,"НИЯУ ""МИФИ""",2018,Материаловед
8,ФИО_647,Управление жизненным циклом,"59,39","59,39%",0,"0,30","1,00","0,90",,"0,00","0,00","0,00","0,20","0,20","0,20","0,20","0,20","0,00","0,20",,"0,00","0,50","0,50","0,00","0,50","0,56","0,44","0,44","0,69","0,69","1,78","0,56","0,40","0,30","0,40","0,50","0,50","0,40","0,00","0,00","0,10","1,33","1,11","0,83","0,50","1,11","0,44","0,50","1,80","0,44","0,89","0,89","0,50","1,00","0,00","0,44","1,00","1,11","0,97","0,97","0,56","0,50","0,00","0,30","0,67","0,56","0,67","0,70","1,00","0,67","0,45","1,20","1,00","0,69","0,28","1,17","0,40","0,39","0,44","0,67","0,30","0,89","0,56","1,00","1,33","0,90","0,67","0,50","1,25","0,67","0,00","0,93","0,93","0,40","0,44","1,56","0,50","1,17","1,56","1,00","0,87","0,56","0,60",0,Инженер-технолог,2018-07-01,"Приборно-механический завод, цех КДСЕ",Инженер-конструктор,2021-12-01,,,,
5,ФИО_151,Управление жизненным циклом,"58,83","58,83%",0,"0,30","1,00","1,00",,"0,20","0,20","0,20","0,20","0,20","0,20","0,20","0,20","0,20","0,20",,"0,50","0,50","0,00","0,00","0,83","0,56","0,28","0,22","0,56","0,56","1,11","0,56","0,30","0,00","0,40","0,30","0,50","0,30","0,00","0,00","0,10","0,83","0,89","0,83","0,40","1,33","0,33","0,50","1,60","0,67","0,89","1,33","0,50","1,17","0,44","0,22","1,00","1,33","1,75","1,36","0,78","0,50","0,00","0,30","1,33","0,89","0,33","0,80","0,89","0,89","0,90","1,05","0,90","0,56","0,97","1,17","0,50","0,28","0,33","0,00","0,40","0,56","0,56","0,67","0,89","0,90","0,67","0,25","1,25","0,67","0,89","0,62","0,62","0,50","0,56","1,11","0,50","1,00","0,97","0,83","0,87","0,33","0,60",1,Инженер-конструктор 3 категории,25.02.2020,"""АО """"Опытное Конструкторское Бюро Машиностроения имени И.И. Африкантова""""""",Инженер-конструктор,19.06.2021,,,,
5,ФИО_264,Управление жизненным циклом,"58,83","58,83%",0,"0,30","1,00","1,00",,"0,20","0,20","0,20","0,20","0,20","0,20","0,20","0,20","0,20","0,20",,"0,50","0,50","0,00","0,00","0,83","0,56","0,28","0,22","0,56","0,56","1,11","0,56","0,30","0,00","0,40","0,30","0,50","0,30","0,00","0,00","0,10","0,83","0,89","0,83","0,40","1,33","0,33","0,50","1,60","0,67","0,89","1,33","0,50","1,17","0,44","0,22","1,00","1,33","1,75","1,36","0,78","0,50","0,00","0,30","1,33","0,89","0,33","0,80","0,89","0,89","0,90","1,05","0,90","0,56","0,97","1,17","0,50","0,28","0,33","0,00","0,40","0,56","0,56","0,67","0,89","0,90","0,67","0,25","1,25","0,67","0,89","0,62","0,62","0,50","0,56","1,11","0,50","1,00","0,97","0,83","0,87","0,33","0,60",0,Инженер-конструктор 3 категории,,Акционерное общество опытное конструкторское бюро машиностроения им. И. И. Африкантова,,,,,,
5,ФИО_311,Управление жизненным циклом,"58,83","58,83%",0,"0,30","1,00","1,00",,"0,20","0,20","0,20","0,20","0,20","0,20","0,20","0,20","0,20","0,20",,"0,50","0,50","0,00","0,00","0,83","0,56","0,28","0,22","0,56","0,56","1,11","0,56","0,30","0,00","0,40","0,30","0,50","0,30","0,00","0,00","0,10","0,83","0,89","0,83","0,40","1,33","0,33","0,50","1,60","0,67","0,89","1,33","0,50","1,17","0,44","0,22","1,00","1,33","1,75","1,36","0,78","0,50","0,00","0,30","1,33","0,89","0,33","0,80","0,89","0,89","0,90","1,05","0,90","0,56","0,97","1,17","0,50","0,28","0,33","0,00","0,40","0,56","0,56","0,67","0,89","0,90","0,67","0,25","1,25","0,67","0,89","0,62","0,62","0,50","0,56","1,11","0,50","1,00","0,97","0,83","0,87","0,33","0,60",1,Инженер-конструктор 3 категории,2020-12-25,"""АО """"Центральное конструкторское бюро машиностроения""""""",Инженер-конструктор,2021-09-17,,,,
5,ФИО_459,Управление жизненным циклом,"58,83","58,83%",0,"0,30","1,00","1,00",,"0,20","0,20","0,20","0,20","0,20","0,20","0,20","0,20","0,20","0,20",,"0,50","0,50","0,00","0,00","0,83","0,56","0,28","0,22","0,56","0,56","1,11","0,56","0,30","0,00","0,40","0,30","0,50","0,30","0,00","0,00","0,10","0,83","0,89","0,83","0,40","1,33","0,33","0,50","1,60","0,67","0,89","1,33","0,50","1,17","0,44","0,22","1,00","1,33","1,75","1,36","0,78","0,50","0,00","0,30","1,33","0,89","0,33","0,80","0,89","0,89","0,90","1,05","0,90","0,56","0,97","1,17","0,50","0,28","0,33","0,00","0,40","0,56","0,56","0,67","0,89","0,90","0,67","0,25","1,25","0,67","0,89","0,62","0,62","0,50","0,56","1,11","0,50","1,00","0,97","0,83","0,87","0,33","0,60",0,Инженер-технолог 2 категории,2011-09-01,"""АО """"ОКБМ Африкантов""""""",Инженерное проектирование,2011-09-01,,,,
5,ФИО_461,Управление жизненным циклом,"58,83","58,83%",0,"0,30","1,00","1,00",,"0,20","0,20","0,20","0,20","0,20","0,20","0,20","0,20","0,20","0,20",,"0,50","0,50","0,00","0,00","0,83","0,56","0,28","0,22","0,56","0,56","1,11","0,56","0,30","0,00","0,40","0,30","0,50","0,30","0,00","0,00","0,10","0,83","0,89","0,83","0,40","1,33","0,33","0,50","1,60","0,67","0,89","1,33","0,50","1,17","0,44","0,22","1,00","1,33","1,75","1,36","0,78","0,50","0,00","0,30","1,33","0,89","0,33","0,80","0,89","0,89","0,90","1,05","0,90","0,56","0,97","1,17","0,50","0,28","0,33","0,00","0,40","0,56","0,56","0,67","0,89","0,90","0,67","0,25","1,25","0,67","0,89","0,62","0,62","0,50","0,56","1,11","0,50","1,00","0,97","0,83","0,87","0,33","0,60",0,Инженер-конструктор I категории,,"""Филиал АО """"АЭМ-технологии"""" """"Петрозаводскмаш"""" в г. Петрозаводск""",,,,,,
5,ФИО_583,Управление жизненным циклом,"58,83","58,83%",0,"0,30","1,00","1,00",,"0,20","0,20","0,20","0,20","0,20","0,20","0,20","0,20","0,20","0,20",,"0,50","0,50","0,00","0,00","0,83","0,56","0,28","0,22","0,56","0,56","1,11","0,56","0,30","0,00","0,40","0,30","0,50","0,30","0,00","0,00","0,10","0,83","0,89","0,83","0,40","1,33","0,33","0,50","1,60","0,67","0,89","1,33","0,50","1,17","0,44","0,22","1,00","1,33","1,75","1,36","0,78","0,50","0,00","0,30","1,33","0,89","0,33","0,80","0,89","0,89","0,90","1,05","0,90","0,56","0,97","1,17","0,50","0,28","0,33","0,00","0,40","0,56","0,56","0,67","0,89","0,90","0,67","0,25","1,25","0,67","0,89","0,62","0,62","0,50","0,56","1,11","0,50","1,00","0,97","0,83","0,87","0,33","0,60",0,,,"""Общество с ограниченной ответственностью """"Турбинные технологии ААЭМ""""""",,,,,,
5,ФИО_604,Управление жизненным циклом,"58,83","58,83%",0,"0,30","1,00","1,00",,"0,20","0,20","0,20","0,20","0,20","0,20","0,20","0,20","0,20","0,20",,"0,50","0,50","0,00","0,00","0,83","0,56","0,28","0,22","0,56","0,56","1,11","0,56","0,30","0,00","0,40","0,30","0,50","0,30","0,00","0,00","0,10","0,83","0,89","0,83","0,40","1,33","0,33","0,50","1,60","0,67","0,89","1,33","0,50","1,17","0,44","0,22","1,00","1,33","1,75","1,36","0,78","0,50","0,00","0,30","1,33","0,89","0,33","0,80","0,89","0,89","0,90","1,05","0,90","0,56","0,97","1,17","0,50","0,28","0,33","0,00","0,40","0,56","0,56","0,67","0,89","0,90","0,67","0,25","1,25","0,67","0,89","0,62","0,62","0,50","0,56","1,11","0,50","1,00","0,97","0,83","0,87","0,33","0,60",0,,,"""АО """"Ордена Трудового Красного Знамени и ордена труда ЧССР - опытное конструкторское бюро """"ГИДРОПРЕСС""""""",,,,,,
3,ФИО_75,Управление жизненным циклом,"56,03","56,03%",0,"0,30","0,11","0,80",,"0,20","0,20","0,00","0,00","0,20","0,20","0,20","0,00","0,20","0,20",,"0,50","0,50","0,50","0,00","0,83","0,33","0,28","0,44","0,97","0,83","1,11","0,78","0,50","0,00","0,50","0,30","0,30","0,40","0,50","0,80","0,40","1,33","1,11","1,17","0,20","1,56","0,56","0,50","1,40","1,11","1,11","1,11","0,00","1,33","0,00","0,00","1,00","0,67","0,97","0,39","0,56","0,50","0,00","0,30","0,67","0,33","0,67","0,00","0,89","0,00","0,45","1,20","1,10","0,56","0,42","0,83","0,50","0,33","0,56","0,44","0,30","0,56","0,69","0,83","1,11","0,80","0,56","0,50","1,00","0,50","0,67","0,93","0,93","0,10","0,33","1,11","0,50","1,00","1,36","1,17","1,01","0,56","0,30",0,,,"""АО Нижегородская инжиниринговая компания """"Атомэнергопроект"""" (АО """"НИАЭП"""")""",,,,,,
3,ФИО_236,Управление жизненным циклом,"56,03","56,03%",0,"0,30","0,11","0,80",,"0,20","0,20","0,00","0,00","0,20","0,20","0,20","0,00","0,20","0,20",,"0,50","0,50","0,50","0,00","0,83","0,33","0,28","0,44","0,97","0,83","1,11","0,78","0,50","0,00","0,50","0,30","0,30","0,40","0,50","0,80","0,40","1,33","1,11","1,17","0,20","1,56","0,56","0,50","1,40","1,11","1,11","1,11","0,00","1,33","0,00","0,00","1,00","0,67","0,97","0,39","0,56","0,50","0,00","0,30","0,67","0,33","0,67","0,00","0,89","0,00","0,45","1,20","1,10","0,56","0,42","0,83","0,50","0,33","0,56","0,44","0,30","0,56","0,69","0,83","1,11","0,80","0,56","0,50","1,00","0,50","0,67","0,93","0,93","0,10","0,33","1,11","0,50","1,00","1,36","1,17","1,01","0,56","0,30",0,инженер 2 категории,ноя.07,"""АО Нижегородская инжиниринговая компания """"Атомэнергопроект"""" (АО """"НИАЭП"""")""",,,,,,
3,ФИО_363,Управление жизненным циклом,"56,03","56,03%",0,"0,30","0,11","0,80",,"0,20","0,20","0,00","0,00","0,20","0,20","0,20","0,00","0,20","0,20",,"0,50","0,50","0,50","0,00","0,83","0,33","0,28","0,44","0,97","0,83","1,11","0,78","0,50","0,00","0,50","0,30","0,30","0,40","0,50","0,80","0,40","1,33","1,11","1,17","0,20","1,56","0,56","0,50","1,40","1,11","1,11","1,11","0,00","1,33","0,00","0,00","1,00","0,67","0,97","0,39","0,56","0,50","0,00","0,30","0,67","0,33","0,67","0,00","0,89","0,00","0,45","1,20","1,10","0,56","0,42","0,83","0,50","0,33","0,56","0,44","0,30","0,56","0,69","0,83","1,11","0,80","0,56","0,50","1,00","0,50","0,67","0,93","0,93","0,10","0,33","1,11","0,50","1,00","1,36","1,17","1,01","0,56","0,30",0,Специалист 3 категории.,,АО «Атомэнергопроект»,,,,,,
3,ФИО_383,Управление жизненным циклом,"56,03","56,03%",0,"0,30","0,11","0,80",,"0,20","0,20","0,00","0,00","0,20","0,20","0,20","0,00","0,20","0,20",,"0,50","0,50","0,50","0,00","0,83","0,33","0,28","0,44","0,97","0,83","1,11","0,78","0,50","0,00","0,50","0,30","0,30","0,40","0,50","0,80","0,40","1,33","1,11","1,17","0,20","1,56","0,56","0,50","1,40","1,11","1,11","1,11","0,00","1,33","0,00","0,00","1,00","0,67","0,97","0,39","0,56","0,50","0,00","0,30","0,67","0,33","0,67","0,00","0,89","0,00","0,45","1,20","1,10","0,56","0,42","0,83","0,50","0,33","0,56","0,44","0,30","0,56","0,69","0,83","1,11","0,80","0,56","0,50","1,00","0,50","0,67","0,93","0,93","0,10","0,33","1,11","0,50","1,00","1,36","1,17","1,01","0,56","0,30",1,главный специалист,сен.07,"""АО Инжиниринговая компания """"АСЭ""""""",,,,,,
3,ФИО_561,Управление жизненным циклом,"56,03","56,03%",0,"0,30","0,11","0,80",,"0,20","0,20","0,00","0,00","0,20","0,20","0,20","0,00","0,20","0,20",,"0,50","0,50","0,50","0,00","0,83","0,33","0,28","0,44","0,97","0,83","1,11","0,78","0,50","0,00","0,50","0,30","0,30","0,40","0,50","0,80","0,40","1,33","1,11","1,17","0,20","1,56","0,56","0,50","1,40","1,11","1,11","1,11","0,00","1,33","0,00","0,00","1,00","0,67","0,97","0,39","0,56","0,50","0,00","0,30","0,67","0,33","0,67","0,00","0,89","0,00","0,45","1,20","1,10","0,56","0,42","0,83","0,50","0,33","0,56","0,44","0,30","0,56","0,69","0,83","1,11","0,80","0,56","0,50","1,00","0,50","0,67","0,93","0,93","0,10","0,33","1,11","0,50","1,00","1,36","1,17","1,01","0,56","0,30",0,Инженер-конструктор 1 категории группы проектирования ремонтного оборудования отдела 40340,сен.08,Филиал  акционерного общества  «Научно-исследовательский и конструкторский институт монтажной технологии – Атомстрой»  Обнинский инженерный центр НИКИМТ,,,,,,
3,ФИО_669,Управление жизненным циклом,"56,03","56,03%",0,"0,30","0,11","0,80",,"0,20","0,20","0,00","0,00","0,20","0,20","0,20","0,00","0,20","0,20",,"0,50","0,50","0,50","0,00","0,83","0,33","0,28","0,44","0,97","0,83","1,11","0,78","0,50","0,00","0,50","0,30","0,30","0,40","0,50","0,80","0,40","1,33","1,11","1,17","0,20","1,56","0,56","0,50","1,40","1,11","1,11","1,11","0,00","1,33","0,00","0,00","1,00","0,67","0,97","0,39","0,56","0,50","0,00","0,30","0,67","0,33","0,67","0,00","0,89","0,00","0,45","1,20","1,10","0,56","0,42","0,83","0,50","0,33","0,56","0,44","0,30","0,56","0,69","0,83","1,11","0,80","0,56","0,50","1,00","0,50","0,67","0,93","0,93","0,10","0,33","1,11","0,50","1,00","1,36","1,17","1,01","0,56","0,30",0,Специалист 2 категории,08.2020,"""АО """"Атомстройэкспорт""""""",,,,,,
3,ФИО_670,Управление жизненным циклом,"56,03","56,03%",0,"0,30","0,11","0,80",,"0,20","0,20","0,00","0,00","0,20","0,20","0,20","0,00","0,20","0,20",,"0,50","0,50","0,50","0,00","0,83","0,33","0,28","0,44","0,97","0,83","1,11","0,78","0,50","0,00","0,50","0,30","0,30","0,40","0,50","0,80","0,40","1,33","1,11","1,17","0,20","1,56","0,56","0,50","1,40","1,11","1,11","1,11","0,00","1,33","0,00","0,00","1,00","0,67","0,97","0,39","0,56","0,50","0,00","0,30","0,67","0,33","0,67","0,00","0,89","0,00","0,45","1,20","1,10","0,56","0,42","0,83","0,50","0,33","0,56","0,44","0,30","0,56","0,69","0,83","1,11","0,80","0,56","0,50","1,00","0,50","0,67","0,93","0,93","0,10","0,33","1,11","0,50","1,00","1,36","1,17","1,01","0,56","0,30",0,Ведущий инженер,,"""АО""""НИКИМТ-АТОМСТРОЙ"""" Дирекция на Курской АЭС""",,,,,,
6,ФИО_165,Управление жизненным циклом,"49,07","49,07%",0,"0,30","0,11","1,00",,"0,20","0,00","0,20","0,00","0,00","0,20","0,20","0,00","0,20","0,00",,"0,50","0,50","0,50","0,00","0,00","0,33","0,28","0,22","0,56","0,69","1,11","0,22","0,30","0,00","0,40","0,40","0,40","0,40","0,83","0,80","0,10","1,17","1,11","1,17","0,40","0,00","0,56","0,50","1,50","0,22","0,67","0,67","0,50","0,00","0,00","0,56","0,00","0,00","0,97","0,97","0,67","0,00","0,00","0,30","0,00","0,22","0,67","0,60","0,33","0,67","1,05","1,05","0,50","0,56","0,56","1,17","0,40","0,22","0,44","0,56","0,30","0,56","0,97","0,67","1,33","0,90","0,78","0,25","1,25","0,83","0,78","0,93","0,78","0,40","0,33","0,89","0,50","0,83","1,17","0,83","0,87","0,44","0,60",0,Инженер-конструктор,2016-02-24,"Филиал АО ""Концерн Росэнергоатом"" ""Балаковская атомная станция""",,2016-02-24,,,,
6,ФИО_372,Управление жизненным циклом,"49,07","49,07%",0,"0,30","0,11","1,00",,"0,20","0,00","0,20","0,00","0,00","0,20","0,20","0,00","0,20","0,00",,"0,50","0,50","0,50","0,00","0,00","0,33","0,28","0,22","0,56","0,69","1,11","0,22","0,30","0,00","0,40","0,40","0,40","0,40","0,83","0,80","0,10","1,17","1,11","1,17","0,40","0,00","0,56","0,50","1,50","0,22","0,67","0,67","0,50","0,00","0,00","0,56","0,00","0,00","0,97","0,97","0,67","0,00","0,00","0,30","0,00","0,22","0,67","0,60","0,33","0,67","1,05","1,05","0,50","0,56","0,56","1,17","0,40","0,22","0,44","0,56","0,30","0,56","0,97","0,67","1,33","0,90","0,78","0,25","1,25","0,83","0,78","0,93","0,78","0,40","0,33","0,89","0,50","0,83","1,17","0,83","0,87","0,44","0,60",1,Главный эксперт отдела по развитию персонала,2015-08-10,АО « КОНСИСТ-ОС»,,2015-08-10,,,,
6,ФИО_413,Управление жизненным циклом,"49,07","49,07%",0,"0,30","0,11","1,00",,"0,20","0,00","0,20","0,00","0,00","0,20","0,20","0,00","0,20","0,00",,"0,50","0,50","0,50","0,00","0,00","0,33","0,28","0,22","0,56","0,69","1,11","0,22","0,30","0,00","0,40","0,40","0,40","0,40","0,83","0,80","0,10","1,17","1,11","1,17","0,40","0,00","0,56","0,50","1,50","0,22","0,67","0,67","0,50","0,00","0,00","0,56","0,00","0,00","0,97","0,97","0,67","0,00","0,00","0,30","0,00","0,22","0,67","0,60","0,33","0,67","1,05","1,05","0,50","0,56","0,56","1,17","0,40","0,22","0,44","0,56","0,30","0,56","0,97","0,67","1,33","0,90","0,78","0,25","1,25","0,83","0,78","0,93","0,78","0,40","0,33","0,89","0,50","0,83","1,17","0,83","0,87","0,44","0,60",1,Инженер по метрологии,2019-10-17,Филиал АО ''Концерн Росэнергоатом'' ''Балаковская атомная станция'',,2019-10-17,высшее,БИТИ НИЯУ МИФИ,2015,управление в технических системах
6,ФИО_513,Управление жизненным циклом,"49,07","49,07%",0,"0,30","0,11","1,00",,"0,20","0,00","0,20","0,00","0,00","0,20","0,20","0,00","0,20","0,00",,"0,50","0,50","0,50","0,00","0,00","0,33","0,28","0,22","0,56","0,69","1,11","0,22","0,30","0,00","0,40","0,40","0,40","0,40","0,83","0,80","0,10","1,17","1,11","1,17","0,40","0,00","0,56","0,50","1,50","0,22","0,67","0,67","0,50","0,00","0,00","0,56","0,00","0,00","0,97","0,97","0,67","0,00","0,00","0,30","0,00","0,22","0,67","0,60","0,33","0,67","1,05","1,05","0,50","0,56","0,56","1,17","0,40","0,22","0,44","0,56","0,30","0,56","0,97","0,67","1,33","0,90","0,78","0,25","1,25","0,83","0,78","0,93","0,78","0,40","0,33","0,89","0,50","0,83","1,17","0,83","0,87","0,44","0,60",0,Инженер по ремонту 2-ой категории,2018-03-12,Балаковоатомэнергоремонт,нет в предлагаемом списке,2019-08-26,,,,
6,ФИО_568,Управление жизненным циклом,"49,07","49,07%",0,"0,30","0,11","1,00",,"0,20","0,00","0,20","0,00","0,00","0,20","0,20","0,00","0,20","0,00",,"0,50","0,50","0,50","0,00","0,00","0,33","0,28","0,22","0,56","0,69","1,11","0,22","0,30","0,00","0,40","0,40","0,40","0,40","0,83","0,80","0,10","1,17","1,11","1,17","0,40","0,00","0,56","0,50","1,50","0,22","0,67","0,67","0,50","0,00","0,00","0,56","0,00","0,00","0,97","0,97","0,67","0,00","0,00","0,30","0,00","0,22","0,67","0,60","0,33","0,67","1,05","1,05","0,50","0,56","0,56","1,17","0,40","0,22","0,44","0,56","0,30","0,56","0,97","0,67","1,33","0,90","0,78","0,25","1,25","0,83","0,78","0,93","0,78","0,40","0,33","0,89","0,50","0,83","1,17","0,83","0,87","0,44","0,60",1,Специалист по внутренним и внешним коммуникациям,1997-08-25,"""Балаковоатомэнергоремонт""-филиал АО ""Атомэнергоремонт""",,2012-02-22,,,,
6,ФИО_641,Управление жизненным циклом,"49,07","49,07%",0,"0,30","0,11","1,00",,"0,20","0,00","0,20","0,00","0,00","0,20","0,20","0,00","0,20","0,00",,"0,50","0,50","0,50","0,00","0,00","0,33","0,28","0,22","0,56","0,69","1,11","0,22","0,30","0,00","0,40","0,40","0,40","0,40","0,83","0,80","0,10","1,17","1,11","1,17","0,40","0,00","0,56","0,50","1,50","0,22","0,67","0,67","0,50","0,00","0,00","0,56","0,00","0,00","0,97","0,97","0,67","0,00","0,00","0,30","0,00","0,22","0,67","0,60","0,33","0,67","1,05","1,05","0,50","0,56","0,56","1,17","0,40","0,22","0,44","0,56","0,30","0,56","0,97","0,67","1,33","0,90","0,78","0,25","1,25","0,83","0,78","0,93","0,78","0,40","0,33","0,89","0,50","0,83","1,17","0,83","0,87","0,44","0,60",0,Начальник отдела,2013,"""АО """"Электрогорский научно-исследовательский центр по безопасности атомных электростанций""""""",,2013,Высшее,МИИТ,2013,Инноватика
6,ФИО_664,Управление жизненным циклом,"49,07","49,07%",0,"0,30","0,11","1,00",,"0,20","0,00","0,20","0,00","0,00","0,20","0,20","0,00","0,20","0,00",,"0,50","0,50","0,50","0,00","0,00","0,33","0,28","0,22","0,56","0,69","1,11","0,22","0,30","0,00","0,40","0,40","0,40","0,40","0,83","0,80","0,10","1,17","1,11","1,17","0,40","0,00","0,56","0,50","1,50","0,22","0,67","0,67","0,50","0,00","0,00","0,56","0,00","0,00","0,97","0,97","0,67","0,00","0,00","0,30","0,00","0,22","0,67","0,60","0,33","0,67","1,05","1,05","0,50","0,56","0,56","1,17","0,40","0,22","0,44","0,56","0,30","0,56","0,97","0,67","1,33","0,90","0,78","0,25","1,25","0,83","0,78","0,93","0,78","0,40","0,33","0,89","0,50","0,83","1,17","0,83","0,87","0,44","0,60",0,Инженер 2 категории,,Балаковская атомная электростанция,,25.06.2018,,,,
2,ФИО_25,Управление жизненным циклом,"44,54","44,54%",0,"0,00","0,78","0,90",,"0,20","0,00","0,00","0,20","0,00","0,00","0,20","0,20","0,20","0,20",,"0,00","0,00","0,50","0,00","0,67","0,22","0,39","0,11","0,56","0,56","0,67","0,11","0,00","0,00","0,00","0,30","0,40","0,40","0,83","1,00","0,50","1,17","0,89","0,83","0,50","1,56","0,78","0,50","1,50","0,67","0,67","1,33","0,50","1,33","0,00","0,22","0,00","0,00","0,97","0,19","0,00","0,00","0,25","0,30","0,44","0,56","0,83","0,30","0,33","0,89","0,45","1,20","0,70","1,11","0,28","0,83","0,40","0,22","0,56","0,22","0,00","0,44","0,00","0,33","0,67","0,00","0,22","0,25","0,00","0,50","0,00","0,47","0,47","0,50","0,56","1,33","0,00","1,00","1,36","1,33","1,01","0,22","0,30",0,Руководитель проекта,дек.18,"""АО """"Высокотехнологический научно-исследовательский институт неорганических материалов имени академика А.А. Бочвара""""""",,,,,,
2,ФИО_224,Управление жизненным циклом,"44,54","44,54%",0,"0,00","0,78","0,90",,"0,20","0,00","0,00","0,20","0,00","0,00","0,20","0,20","0,20","0,20",,"0,00","0,00","0,50","0,00","0,67","0,22","0,39","0,11","0,56","0,56","0,67","0,11","0,00","0,00","0,00","0,30","0,40","0,40","0,83","1,00","0,50","1,17","0,89","0,83","0,50","1,56","0,78","0,50","1,50","0,67","0,67","1,33","0,50","1,33","0,00","0,22","0,00","0,00","0,97","0,19","0,00","0,00","0,25","0,30","0,44","0,56","0,83","0,30","0,33","0,89","0,45","1,20","0,70","1,11","0,28","0,83","0,40","0,22","0,56","0,22","0,00","0,44","0,00","0,33","0,67","0,00","0,22","0,25","0,00","0,50","0,00","0,47","0,47","0,50","0,56","1,33","0,00","1,00","1,36","1,33","1,01","0,22","0,30",0,Инженер-технолог 2 категории,12.03.2018,"""АО """"ВПО"""" Точмаш"""" - Центр ОКР",,12.03.2018,Высшее,КГТА им. В.А. Дегтярева ,2018,"Стрелково-пушечное, артиллерийское и ракетное оружие "
2,ФИО_565,Управление жизненным циклом,"44,54","44,54%",0,"0,00","0,78","0,90",,"0,20","0,00","0,00","0,20","0,00","0,00","0,20","0,20","0,20","0,20",,"0,00","0,00","0,50","0,00","0,67","0,22","0,39","0,11","0,56","0,56","0,67","0,11","0,00","0,00","0,00","0,30","0,40","0,40","0,83","1,00","0,50","1,17","0,89","0,83","0,50","1,56","0,78","0,50","1,50","0,67","0,67","1,33","0,50","1,33","0,00","0,22","0,00","0,00","0,97","0,19","0,00","0,00","0,25","0,30","0,44","0,56","0,83","0,30","0,33","0,89","0,45","1,20","0,70","1,11","0,28","0,83","0,40","0,22","0,56","0,22","0,00","0,44","0,00","0,33","0,67","0,00","0,22","0,25","0,00","0,50","0,00","0,47","0,47","0,50","0,56","1,33","0,00","1,00","1,36","1,33","1,01","0,22","0,30",0,Инженер-технолог,ноя.16,"""ПАО """"Машиностроительный завод""""""",,,,,,
2,ФИО_574,Управление жизненным циклом,"44,54","44,54%",0,"0,00","0,78","0,90",,"0,20","0,00","0,00","0,20","0,00","0,00","0,20","0,20","0,20","0,20",,"0,00","0,00","0,50","0,00","0,67","0,22","0,39","0,11","0,56","0,56","0,67","0,11","0,00","0,00","0,00","0,30","0,40","0,40","0,83","1,00","0,50","1,17","0,89","0,83","0,50","1,56","0,78","0,50","1,50","0,67","0,67","1,33","0,50","1,33","0,00","0,22","0,00","0,00","0,97","0,19","0,00","0,00","0,25","0,30","0,44","0,56","0,83","0,30","0,33","0,89","0,45","1,20","0,70","1,11","0,28","0,83","0,40","0,22","0,56","0,22","0,00","0,44","0,00","0,33","0,67","0,00","0,22","0,25","0,00","0,50","0,00","0,47","0,47","0,50","0,56","1,33","0,00","1,00","1,36","1,33","1,01","0,22","0,30",1,Ведущий специалист ОИМ,,АО «Центральный проектно-технологический институт»,,,,,,
2,ФИО_603,Управление жизненным циклом,"44,54","44,54%",0,"0,00","0,78","0,90",,"0,20","0,00","0,00","0,20","0,00","0,00","0,20","0,20","0,20","0,20",,"0,00","0,00","0,50","0,00","0,67","0,22","0,39","0,11","0,56","0,56","0,67","0,11","0,00","0,00","0,00","0,30","0,40","0,40","0,83","1,00","0,50","1,17","0,89","0,83","0,50","1,56","0,78","0,50","1,50","0,67","0,67","1,33","0,50","1,33","0,00","0,22","0,00","0,00","0,97","0,19","0,00","0,00","0,25","0,30","0,44","0,56","0,83","0,30","0,33","0,89","0,45","1,20","0,70","1,11","0,28","0,83","0,40","0,22","0,56","0,22","0,00","0,44","0,00","0,33","0,67","0,00","0,22","0,25","0,00","0,50","0,00","0,47","0,47","0,50","0,56","1,33","0,00","1,00","1,36","1,33","1,01","0,22","0,30",1,Главный специалист,,АО Высокотехнологический институт неорганических материалов им. ак.А.А.Бочвара»,,,,,,
2,ФИО_629,Управление жизненным циклом,"44,54","44,54%",0,"0,00","0,78","0,90",,"0,20","0,00","0,00","0,20","0,00","0,00","0,20","0,20","0,20","0,20",,"0,00","0,00","0,50","0,00","0,67","0,22","0,39","0,11","0,56","0,56","0,67","0,11","0,00","0,00","0,00","0,30","0,40","0,40","0,83","1,00","0,50","1,17","0,89","0,83","0,50","1,56","0,78","0,50","1,50","0,67","0,67","1,33","0,50","1,33","0,00","0,22","0,00","0,00","0,97","0,19","0,00","0,00","0,25","0,30","0,44","0,56","0,83","0,30","0,33","0,89","0,45","1,20","0,70","1,11","0,28","0,83","0,40","0,22","0,56","0,22","0,00","0,44","0,00","0,33","0,67","0,00","0,22","0,25","0,00","0,50","0,00","0,47","0,47","0,50","0,56","1,33","0,00","1,00","1,36","1,33","1,01","0,22","0,30",0,Инженер - конструктор,2014-11-27,"Публичное акционерное общество ""Новосибирский завод химконцентратов""",Инженер-конструктор,2017-07-03,,,,
2,ФИО_636,Управление жизненным циклом,"44,54","44,54%",0,"0,00","0,78","0,90",,"0,20","0,00","0,00","0,20","0,00","0,00","0,20","0,20","0,20","0,20",,"0,00","0,00","0,50","0,00","0,67","0,22","0,39","0,11","0,56","0,56","0,67","0,11","0,00","0,00","0,00","0,30","0,40","0,40","0,83","1,00","0,50","1,17","0,89","0,83","0,50","1,56","0,78","0,50","1,50","0,67","0,67","1,33","0,50","1,33","0,00","0,22","0,00","0,00","0,97","0,19","0,00","0,00","0,25","0,30","0,44","0,56","0,83","0,30","0,33","0,89","0,45","1,20","0,70","1,11","0,28","0,83","0,40","0,22","0,56","0,22","0,00","0,44","0,00","0,33","0,67","0,00","0,22","0,25","0,00","0,50","0,00","0,47","0,47","0,50","0,56","1,33","0,00","1,00","1,36","1,33","1,01","0,22","0,30",0,Инженер-конструктор,03.2018,"""АО """"ВПО """"Точмаш""""",,,,,,
1,ФИО_33,Управление жизненным циклом,"42,69","42,69%",0,"0,00","0,44","1,00",,"0,20","0,00","0,00","0,20","0,00","0,00","0,20","0,20","0,20","0,20",,"0,00","0,00","0,00","0,00","0,33","0,33","0,28","0,22","0,56","0,69","1,11","0,56","0,50","0,00","0,40","0,30","0,30","0,30","0,00","0,00","0,40","0,67","1,11","0,83","0,50","0,89","0,78","0,50","1,60","0,67","0,67","0,67","0,50","1,33","0,00","0,22","1,00","0,67","1,36","0,58","0,00","0,50","0,25","0,30","0,44","0,33","0,50","0,00","0,33","0,00","0,00","1,20","1,10","0,56","0,14","0,67","0,30","0,28","0,33","0,22","0,20","0,33","0,56","0,50","0,89","0,90","0,00","0,00","0,50","0,67","0,00","0,62","0,62","0,00","0,56","0,22","0,50","1,00","0,97","1,00","0,87","0,56","0,30",0,инженер-конструктор,июн.01,"""ООО """"НПО""""Центротех""""""""""",,,,,,
1,ФИО_66,Управление жизненным циклом,"42,69","42,69%",0,"0,00","0,44","1,00",,"0,20","0,00","0,00","0,20","0,00","0,00","0,20","0,20","0,20","0,20",,"0,00","0,00","0,00","0,00","0,33","0,33","0,28","0,22","0,56","0,69","1,11","0,56","0,50","0,00","0,40","0,30","0,30","0,30","0,00","0,00","0,40","0,67","1,11","0,83","0,50","0,89","0,78","0,50","1,60","0,67","0,67","0,67","0,50","1,33","0,00","0,22","1,00","0,67","1,36","0,58","0,00","0,50","0,25","0,30","0,44","0,33","0,50","0,00","0,33","0,00","0,00","1,20","1,10","0,56","0,14","0,67","0,30","0,28","0,33","0,22","0,20","0,33","0,56","0,50","0,89","0,90","0,00","0,00","0,50","0,67","0,00","0,62","0,62","0,00","0,56","0,22","0,50","1,00","0,97","1,00","0,87","0,56","0,30",0,Инженер-механик,"10,2014","""Акционерное общество """"Производственное объединение """"Электрохимический завод""""""",,,,,,
1,ФИО_80,Управление жизненным циклом,"42,69","42,69%",0,"0,00","0,44","1,00",,"0,20","0,00","0,00","0,20","0,00","0,00","0,20","0,20","0,20","0,20",,"0,00","0,00","0,00","0,00","0,33","0,33","0,28","0,22","0,56","0,69","1,11","0,56","0,50","0,00","0,40","0,30","0,30","0,30","0,00","0,00","0,40","0,67","1,11","0,83","0,50","0,89","0,78","0,50","1,60","0,67","0,67","0,67","0,50","1,33","0,00","0,22","1,00","0,67","1,36","0,58","0,00","0,50","0,25","0,30","0,44","0,33","0,50","0,00","0,33","0,00","0,00","1,20","1,10","0,56","0,14","0,67","0,30","0,28","0,33","0,22","0,20","0,33","0,56","0,50","0,89","0,90","0,00","0,00","0,50","0,67","0,00","0,62","0,62","0,00","0,56","0,22","0,50","1,00","0,97","1,00","0,87","0,56","0,30",1,Инженер-конструктор 3 категории,09.2008,"""АО """"Чепецкий механический завод""""""",,,,,,
1,ФИО_234,Управление жизненным циклом,"42,69","42,69%",0,"0,00","0,44","1,00",,"0,20","0,00","0,00","0,20","0,00","0,00","0,20","0,20","0,20","0,20",,"0,00","0,00","0,00","0,00","0,33","0,33","0,28","0,22","0,56","0,69","1,11","0,56","0,50","0,00","0,40","0,30","0,30","0,30","0,00","0,00","0,40","0,67","1,11","0,83","0,50","0,89","0,78","0,50","1,60","0,67","0,67","0,67","0,50","1,33","0,00","0,22","1,00","0,67","1,36","0,58","0,00","0,50","0,25","0,30","0,44","0,33","0,50","0,00","0,33","0,00","0,00","1,20","1,10","0,56","0,14","0,67","0,30","0,28","0,33","0,22","0,20","0,33","0,56","0,50","0,89","0,90","0,00","0,00","0,50","0,67","0,00","0,62","0,62","0,00","0,56","0,22","0,50","1,00","0,97","1,00","0,87","0,56","0,30",1,Специалист,02.09.2019,АО Чепецкий механический завод,,02.10.2019,,,,
1,ФИО_320,Управление жизненным циклом,"42,69","42,69%",0,"0,00","0,44","1,00",,"0,20","0,00","0,00","0,20","0,00","0,00","0,20","0,20","0,20","0,20",,"0,00","0,00","0,00","0,00","0,33","0,33","0,28","0,22","0,56","0,69","1,11","0,56","0,50","0,00","0,40","0,30","0,30","0,30","0,00","0,00","0,40","0,67","1,11","0,83","0,50","0,89","0,78","0,50","1,60","0,67","0,67","0,67","0,50","1,33","0,00","0,22","1,00","0,67","1,36","0,58","0,00","0,50","0,25","0,30","0,44","0,33","0,50","0,00","0,33","0,00","0,00","1,20","1,10","0,56","0,14","0,67","0,30","0,28","0,33","0,22","0,20","0,33","0,56","0,50","0,89","0,90","0,00","0,00","0,50","0,67","0,00","0,62","0,62","0,00","0,56","0,22","0,50","1,00","0,97","1,00","0,87","0,56","0,30",1,инженер по сопровождению производства,04.2002,Чепецкий механический завод,,2002,высшее,ИжГТУ,1999,экономист-менеджер
1,ФИО_374,Управление жизненным циклом,"42,69","42,69%",0,"0,00","0,44","1,00",,"0,20","0,00","0,00","0,20","0,00","0,00","0,20","0,20","0,20","0,20",,"0,00","0,00","0,00","0,00","0,33","0,33","0,28","0,22","0,56","0,69","1,11","0,56","0,50","0,00","0,40","0,30","0,30","0,30","0,00","0,00","0,40","0,67","1,11","0,83","0,50","0,89","0,78","0,50","1,60","0,67","0,67","0,67","0,50","1,33","0,00","0,22","1,00","0,67","1,36","0,58","0,00","0,50","0,25","0,30","0,44","0,33","0,50","0,00","0,33","0,00","0,00","1,20","1,10","0,56","0,14","0,67","0,30","0,28","0,33","0,22","0,20","0,33","0,56","0,50","0,89","0,90","0,00","0,00","0,50","0,67","0,00","0,62","0,62","0,00","0,56","0,22","0,50","1,00","0,97","1,00","0,87","0,56","0,30",0,инженер-технолог участка изготовления твэлов транспортного направления,01.2004,Машиностроительный завод,,,,,,
1,ФИО_651,Управление жизненным циклом,"42,69","42,69%",0,"0,00","0,44","1,00",,"0,20","0,00","0,00","0,20","0,00","0,00","0,20","0,20","0,20","0,20",,"0,00","0,00","0,00","0,00","0,33","0,33","0,28","0,22","0,56","0,69","1,11","0,56","0,50","0,00","0,40","0,30","0,30","0,30","0,00","0,00","0,40","0,67","1,11","0,83","0,50","0,89","0,78","0,50","1,60","0,67","0,67","0,67","0,50","1,33","0,00","0,22","1,00","0,67","1,36","0,58","0,00","0,50","0,25","0,30","0,44","0,33","0,50","0,00","0,33","0,00","0,00","1,20","1,10","0,56","0,14","0,67","0,30","0,28","0,33","0,22","0,20","0,33","0,56","0,50","0,89","0,90","0,00","0,00","0,50","0,67","0,00","0,62","0,62","0,00","0,56","0,22","0,50","1,00","0,97","1,00","0,87","0,56","0,30",0,Инженер по управлению проектами,07.2016,"""АО """"Сибирский химический комбинат""""""",,2019,,,,
7,ФИО_29,Управление жизненным циклом,"41,88","41,88%",0,"0,30","0,78","1,00",,"0,20","0,00","0,00","0,00","0,00","0,20","0,20","0,00","0,20","0,20",,"0,00","0,00","0,00","0,00","0,17","0,22","0,22","0,22","0,56","0,69","1,11","0,22","0,40","0,00","0,30","0,20","0,50","0,50","0,00","0,00","0,10","0,67","0,89","0,33","0,50","0,89","0,33","0,50","0,90","0,67","0,67","0,67","0,00","0,33","0,00","0,56","1,00","0,22","1,56","0,97","0,67","0,50","0,00","0,30","0,67","0,33","0,83","0,00","0,67","0,89","0,00","0,30","0,00","0,42","0,42","0,83","0,40","0,22","0,67","0,56","0,30","0,44","0,56","0,50","0,67","0,90","0,22","0,00","0,00","0,50","0,11","0,31","0,47","0,20","0,56","1,11","0,50","1,17","1,36","1,33","1,01","0,56","0,30",0,Инженер,2012-05-07,"""АО по наладке",,2012-05-07,Высшее,ИАТЭ НИЯУ МИФИ,2015,АЭС и ЯЭУ
7,ФИО_250,Управление жизненным циклом,"41,88","41,88%",0,"0,30","0,78","1,00",,"0,20","0,00","0,00","0,00","0,00","0,20","0,20","0,00","0,20","0,20",,"0,00","0,00","0,00","0,00","0,17","0,22","0,22","0,22","0,56","0,69","1,11","0,22","0,40","0,00","0,30","0,20","0,50","0,50","0,00","0,00","0,10","0,67","0,89","0,33","0,50","0,89","0,33","0,50","0,90","0,67","0,67","0,67","0,00","0,33","0,00","0,56","1,00","0,22","1,56","0,97","0,67","0,50","0,00","0,30","0,67","0,33","0,83","0,00","0,67","0,89","0,00","0,30","0,00","0,42","0,42","0,83","0,40","0,22","0,67","0,56","0,30","0,44","0,56","0,50","0,67","0,90","0,22","0,00","0,00","0,50","0,11","0,31","0,47","0,20","0,56","1,11","0,50","1,17","1,36","1,33","1,01","0,56","0,30",0,Ведущий инженер,2009-03-10,Филиал АО ''Концерн Росэнергоатом'' ''Калининская атомная станция'',,2009-03-10,высшее;высшее,Ивановский государственный энергетический университет имени В.И. Ленина;Ивановский государственный энергетический университет имени В.И. Ленина,2008;2009,экономика и управление на предприятии;атомные электрические станции и установки
7,ФИО_263,Управление жизненным циклом,"41,88","41,88%",0,"0,30","0,78","1,00",,"0,20","0,00","0,00","0,00","0,00","0,20","0,20","0,00","0,20","0,20",,"0,00","0,00","0,00","0,00","0,17","0,22","0,22","0,22","0,56","0,69","1,11","0,22","0,40","0,00","0,30","0,20","0,50","0,50","0,00","0,00","0,10","0,67","0,89","0,33","0,50","0,89","0,33","0,50","0,90","0,67","0,67","0,67","0,00","0,33","0,00","0,56","1,00","0,22","1,56","0,97","0,67","0,50","0,00","0,30","0,67","0,33","0,83","0,00","0,67","0,89","0,00","0,30","0,00","0,42","0,42","0,83","0,40","0,22","0,67","0,56","0,30","0,44","0,56","0,50","0,67","0,90","0,22","0,00","0,00","0,50","0,11","0,31","0,47","0,20","0,56","1,11","0,50","1,17","1,36","1,33","1,01","0,56","0,30",0,Инженер-технолог,2021-03-25,"филиал АО ""Концерн Росэнергоатом"" ""Калининская АЭС""",,2021-03-25,Полное высшее,Томский политехнический университет,2021,"14.05.02 Атомные станции: проектирование, эксплуатация и инжиниринг"
7,ФИО_380,Управление жизненным циклом,"41,88","41,88%",0,"0,30","0,78","1,00",,"0,20","0,00","0,00","0,00","0,00","0,20","0,20","0,00","0,20","0,20",,"0,00","0,00","0,00","0,00","0,17","0,22","0,22","0,22","0,56","0,69","1,11","0,22","0,40","0,00","0,30","0,20","0,50","0,50","0,00","0,00","0,10","0,67","0,89","0,33","0,50","0,89","0,33","0,50","0,90","0,67","0,67","0,67","0,00","0,33","0,00","0,56","1,00","0,22","1,56","0,97","0,67","0,50","0,00","0,30","0,67","0,33","0,83","0,00","0,67","0,89","0,00","0,30","0,00","0,42","0,42","0,83","0,40","0,22","0,67","0,56","0,30","0,44","0,56","0,50","0,67","0,90","0,22","0,00","0,00","0,50","0,11","0,31","0,47","0,20","0,56","1,11","0,50","1,17","1,36","1,33","1,01","0,56","0,30",0,Инженер 1 категории по эксплуатации,2017-07-05,Калининском Атомная Электростанция,,2017-07-05,Высшее,ТГТУ,2017,Электроэнергетика и электротехника
7,ФИО_390,Управление жизненным циклом,"41,88","41,88%",0,"0,30","0,78","1,00",,"0,20","0,00","0,00","0,00","0,00","0,20","0,20","0,00","0,20","0,20",,"0,00","0,00","0,00","0,00","0,17","0,22","0,22","0,22","0,56","0,69","1,11","0,22","0,40","0,00","0,30","0,20","0,50","0,50","0,00","0,00","0,10","0,67","0,89","0,33","0,50","0,89","0,33","0,50","0,90","0,67","0,67","0,67","0,00","0,33","0,00","0,56","1,00","0,22","1,56","0,97","0,67","0,50","0,00","0,30","0,67","0,33","0,83","0,00","0,67","0,89","0,00","0,30","0,00","0,42","0,42","0,83","0,40","0,22","0,67","0,56","0,30","0,44","0,56","0,50","0,67","0,90","0,22","0,00","0,00","0,50","0,11","0,31","0,47","0,20","0,56","1,11","0,50","1,17","1,36","1,33","1,01","0,56","0,30",1,Ведущий специалист,2020-10-05,"""АО """"Консист-Оператор-Связи""""""",,2020-10-05,высшее,ННГАСУ,2020,Архитектор-проектировщик
7,ФИО_592,Управление жизненным циклом,"41,88","41,88%",0,"0,30","0,78","1,00",,"0,20","0,00","0,00","0,00","0,00","0,20","0,20","0,00","0,20","0,20",,"0,00","0,00","0,00","0,00","0,17","0,22","0,22","0,22","0,56","0,69","1,11","0,22","0,40","0,00","0,30","0,20","0,50","0,50","0,00","0,00","0,10","0,67","0,89","0,33","0,50","0,89","0,33","0,50","0,90","0,67","0,67","0,67","0,00","0,33","0,00","0,56","1,00","0,22","1,56","0,97","0,67","0,50","0,00","0,30","0,67","0,33","0,83","0,00","0,67","0,89","0,00","0,30","0,00","0,42","0,42","0,83","0,40","0,22","0,67","0,56","0,30","0,44","0,56","0,50","0,67","0,90","0,22","0,00","0,00","0,50","0,11","0,31","0,47","0,20","0,56","1,11","0,50","1,17","1,36","1,33","1,01","0,56","0,30",0,Ведущий инженер по управлению реактором атомной станции,03.05.2005,"""АО филиал концерна Росэнеогоатом """" калининская АЭС""""""",,2013-09-04,Высшее,ИГЭУ им. В.И. Ленина,2013,Атомные электрические станции и установки
7,ФИО_661,Управление жизненным циклом,"41,88","41,88%",0,"0,30","0,78","1,00",,"0,20","0,00","0,00","0,00","0,00","0,20","0,20","0,00","0,20","0,20",,"0,00","0,00","0,00","0,00","0,17","0,22","0,22","0,22","0,56","0,69","1,11","0,22","0,40","0,00","0,30","0,20","0,50","0,50","0,00","0,00","0,10","0,67","0,89","0,33","0,50","0,89","0,33","0,50","0,90","0,67","0,67","0,67","0,00","0,33","0,00","0,56","1,00","0,22","1,56","0,97","0,67","0,50","0,00","0,30","0,67","0,33","0,83","0,00","0,67","0,89","0,00","0,30","0,00","0,42","0,42","0,83","0,40","0,22","0,67","0,56","0,30","0,44","0,56","0,50","0,67","0,90","0,22","0,00","0,00","0,50","0,11","0,31","0,47","0,20","0,56","1,11","0,50","1,17","1,36","1,33","1,01","0,56","0,30",1,Эксперт ГИП,03.2013,АО КОНСИСТ-ОС ,,,,,,
